amfi_code,Benchmark,Tracking_Error
120505,NIFTY50,0.23312357538323944
120505,NIFTY100,0.2319675096004632
100033,NIFTY50,0.2297551098545287
100033,NIFTY100,0.22869942052083106
119094,NIFTY50,0.2370710907370954
119094,NIFTY100,0.23765197701108368
119598,NIFTY50,0.27803293056948225
119598,NIFTY100,0.2838814541332667
148567,NIFTY50,0.19399579209820508
148567,NIFTY100,0.1896636779215802
